<?xml version="1.0" encoding="UTF-8"?>
<!DOCTYPE mapper
        PUBLIC "-//mybatis.org//DTD Mapper 3.0//EN"
        "http://mybatis.org/dtd/mybatis-3-mapper.dtd">

<mapper namespace="net.sunmonkey.db.mapper.PathRateMapper">

    <resultMap id="BaseResultMap" type="net.sunmonkey.db.model.PathRate">
        <id column="path" property="path" jdbcType="VARCHAR" />
        <id column="burst_capacity" property="burstCapacity" jdbcType="INTEGER" />
        <id column="replenish_rate" property="replenishRate" jdbcType="INTEGER" />
    </resultMap>

    <sql id="all_columns">
        path, burst_capacity, replenish_rate
    </sql>

    <select id="selectByPrimayKey" resultMap="BaseResultMap">
        select <include refid="all_columns" />
        from ip_rate where ip=#{path, jdbcType=VARCHAR}
    </select>

</mapper>